Requested URL, Final URL, Accessibility Score, Content Width, Tap Targets, User Agent
https://i14y.usa.gov/,https://i14y.usa.gov/,,,,Mozilla/5.0 (Linux; Android 7.0; Moto G (4)) AppleWebKit/537.36 (KHTML, like Gecko) Chrome/98.0.4695.0 Mobile Safari/537.36 Chrome-Lighthouse
https://autoauctions.gsa.gov/,https://autoauctions.gsa.gov/,,,,Mozilla/5.0 (Linux; Android 7.0; Moto G (4)) AppleWebKit/537.36 (KHTML, like Gecko) Chrome/98.0.4695.0 Mobile Safari/537.36 Chrome-Lighthouse
https://wdolhome.sam.gov/,https://wdol.gov/,1,1,1,Mozilla/5.0 (Linux; Android 7.0; Moto G (4)) AppleWebKit/537.36 (KHTML, like Gecko) Chrome/98.0.4695.0 Mobile Safari/537.36 Chrome-Lighthouse
https://crissupb.identitysandbox.gov/,https://crissupb.identitysandbox.gov/,,,,Mozilla/5.0 (Linux; Android 7.0; Moto G (4)) AppleWebKit/537.36 (KHTML, like Gecko) Chrome/98.0.4695.0 Mobile Safari/537.36 Chrome-Lighthouse
https://portal.eos.gsa.gov/secureauth6/secureportal.aspx,https://portal.eos.gsa.gov/,0.64,1,0.45,Mozilla/5.0 (Linux; Android 7.0; Moto G (4)) AppleWebKit/537.36 (KHTML, like Gecko) Chrome/98.0.4695.0 Mobile Safari/537.36 Chrome-Lighthouse
https://federalist-proxy.app.cloud.gov/,https://federalist-proxy.app.cloud.gov/,,,,Mozilla/5.0 (Linux; Android 7.0; Moto G (4)) AppleWebKit/537.36 (KHTML, like Gecko) Chrome/98.0.4695.0 Mobile Safari/537.36 Chrome-Lighthouse
https://beta.sam.gov/,https://beta.sam.gov/,,,,Mozilla/5.0 (Linux; Android 7.0; Moto G (4)) AppleWebKit/537.36 (KHTML, like Gecko) Chrome/98.0.4695.0 Mobile Safari/537.36 Chrome-Lighthouse
https://www.dhsadvantage.gsa.gov/advantage/?store=DHS&theme=adv19,https://dhsadvantage.gsa.gov/,0.94,1,1,Mozilla/5.0 (Linux; Android 7.0; Moto G (4)) AppleWebKit/537.36 (KHTML, like Gecko) Chrome/98.0.4695.0 Mobile Safari/537.36 Chrome-Lighthouse
https://ci.identitysandbox.gov/,https://ci.identitysandbox.gov/,,,,Mozilla/5.0 (Linux; Android 7.0; Moto G (4)) AppleWebKit/537.36 (KHTML, like Gecko) Chrome/98.0.4695.0 Mobile Safari/537.36 Chrome-Lighthouse
https://partners.login.gov/,https://partners.login.gov/,1,1,1,Mozilla/5.0 (Linux; Android 7.0; Moto G (4)) AppleWebKit/537.36 (KHTML, like Gecko) Chrome/98.0.4695.0 Mobile Safari/537.36 Chrome-Lighthouse
https://scopereview.gsa.gov/app/,https://scopereview.gsa.gov/,0.74,1,1,Mozilla/5.0 (Linux; Android 7.0; Moto G (4)) AppleWebKit/537.36 (KHTML, like Gecko) Chrome/98.0.4695.0 Mobile Safari/537.36 Chrome-Lighthouse
https://itjobs.open.gsa.gov/,https://itjobs.open.gsa.gov/,,,,Mozilla/5.0 (Linux; Android 7.0; Moto G (4)) AppleWebKit/537.36 (KHTML, like Gecko) Chrome/98.0.4695.0 Mobile Safari/537.36 Chrome-Lighthouse
https://files.18f.gov/,https://files.18f.gov/,,,,Mozilla/5.0 (Linux; Android 7.0; Moto G (4)) AppleWebKit/537.36 (KHTML, like Gecko) Chrome/98.0.4695.0 Mobile Safari/537.36 Chrome-Lighthouse
https://amp.fas.gsa.gov/,https://amp.fas.gsa.gov/,0.5,0,0,Mozilla/5.0 (Linux; Android 7.0; Moto G (4)) AppleWebKit/537.36 (KHTML, like Gecko) Chrome/98.0.4695.0 Mobile Safari/537.36 Chrome-Lighthouse
https://www.facadatabase.gov/FACA/FACAPublicPage?sfdcIFrameOrigin=null,https://facadatabase.gov/,0.93,1,0,Mozilla/5.0 (Linux; Android 7.0; Moto G (4)) AppleWebKit/537.36 (KHTML, like Gecko) Chrome/98.0.4695.0 Mobile Safari/537.36 Chrome-Lighthouse
https://www.frpg.gov/FRPG/FRPGLogin?sfdcIFrameOrigin=null,https://frpg.gov/,1,1,0.76,Mozilla/5.0 (Linux; Android 7.0; Moto G (4)) AppleWebKit/537.36 (KHTML, like Gecko) Chrome/98.0.4695.0 Mobile Safari/537.36 Chrome-Lighthouse
https://search.gov/,https://search.gov/,0.79,0,0.32,Mozilla/5.0 (Linux; Android 7.0; Moto G (4)) AppleWebKit/537.36 (KHTML, like Gecko) Chrome/98.0.4695.0 Mobile Safari/537.36 Chrome-Lighthouse
https://devicepki.idmanagement.gov/,https://devicepki.idmanagement.gov/,1,1,1,Mozilla/5.0 (Linux; Android 7.0; Moto G (4)) AppleWebKit/537.36 (KHTML, like Gecko) Chrome/98.0.4695.0 Mobile Safari/537.36 Chrome-Lighthouse
https://fellows-in-innovation.pif.gov/,https://fellows-in-innovation.pif.gov/,0.96,1,1,Mozilla/5.0 (Linux; Android 7.0; Moto G (4)) AppleWebKit/537.36 (KHTML, like Gecko) Chrome/98.0.4695.0 Mobile Safari/537.36 Chrome-Lighthouse
https://datacenters.cio.gov/,https://datacenters.cio.gov/,0.95,1,1,Mozilla/5.0 (Linux; Android 7.0; Moto G (4)) AppleWebKit/537.36 (KHTML, like Gecko) Chrome/98.0.4695.0 Mobile Safari/537.36 Chrome-Lighthouse
https://www.cdo.gov/,https://cdo.gov/,0.91,1,1,Mozilla/5.0 (Linux; Android 7.0; Moto G (4)) AppleWebKit/537.36 (KHTML, like Gecko) Chrome/98.0.4695.0 Mobile Safari/537.36 Chrome-Lighthouse
https://vsc.gsa.gov/,https://vsc.gsa.gov/,0.83,1,1,Mozilla/5.0 (Linux; Android 7.0; Moto G (4)) AppleWebKit/537.36 (KHTML, like Gecko) Chrome/98.0.4695.0 Mobile Safari/537.36 Chrome-Lighthouse
https://8astars.fas.gsa.gov/GWACPriceTool/priceFilter/create,https://8astars.fas.gsa.gov/,0.88,1,0.74,Mozilla/5.0 (Linux; Android 7.0; Moto G (4)) AppleWebKit/537.36 (KHTML, like Gecko) Chrome/98.0.4695.0 Mobile Safari/537.36 Chrome-Lighthouse
https://autochoice.fas.gsa.gov/AutoChoice/Home,https://autochoice.fas.gsa.gov/,0.86,0,0.64,Mozilla/5.0 (Linux; Android 7.0; Moto G (4)) AppleWebKit/537.36 (KHTML, like Gecko) Chrome/98.0.4695.0 Mobile Safari/537.36 Chrome-Lighthouse
https://gsaauctions.gov/gsaauctions/gsaauctions/,https://gsaauctions.gov/,0.97,1,0.36,Mozilla/5.0 (Linux; Android 7.0; Moto G (4)) AppleWebKit/537.36 (KHTML, like Gecko) Chrome/98.0.4695.0 Mobile Safari/537.36 Chrome-Lighthouse
https://connect.usa.gov/,https://connect.usa.gov/,1,1,0.67,Mozilla/5.0 (Linux; Android 7.0; Moto G (4)) AppleWebKit/537.36 (KHTML, like Gecko) Chrome/98.0.4695.0 Mobile Safari/537.36 Chrome-Lighthouse
https://catalog.data.gov/dataset,https://catalog.data.gov/,0.94,0,0.77,Mozilla/5.0 (Linux; Android 7.0; Moto G (4)) AppleWebKit/537.36 (KHTML, like Gecko) Chrome/98.0.4695.0 Mobile Safari/537.36 Chrome-Lighthouse
https://www.challenge.gov/,https://challenge.gov/,0.9,1,1,Mozilla/5.0 (Linux; Android 7.0; Moto G (4)) AppleWebKit/537.36 (KHTML, like Gecko) Chrome/98.0.4695.0 Mobile Safari/537.36 Chrome-Lighthouse
https://sdg.data.gov/,https://sdg.data.gov/,1,1,1,Mozilla/5.0 (Linux; Android 7.0; Moto G (4)) AppleWebKit/537.36 (KHTML, like Gecko) Chrome/98.0.4695.0 Mobile Safari/537.36 Chrome-Lighthouse
https://www.ebuy.gsa.gov/ebuy/,https://ebuy.gsa.gov/,0.82,1,0.24,Mozilla/5.0 (Linux; Android 7.0; Moto G (4)) AppleWebKit/537.36 (KHTML, like Gecko) Chrome/98.0.4695.0 Mobile Safari/537.36 Chrome-Lighthouse
https://str.gsa.gov/str/,https://str.gsa.gov/,0.92,0,1,Mozilla/5.0 (Linux; Android 7.0; Moto G (4)) AppleWebKit/537.36 (KHTML, like Gecko) Chrome/98.0.4695.0 Mobile Safari/537.36 Chrome-Lighthouse
https://open.usa.gov/,https://open.usa.gov/,0.97,1,1,Mozilla/5.0 (Linux; Android 7.0; Moto G (4)) AppleWebKit/537.36 (KHTML, like Gecko) Chrome/98.0.4695.0 Mobile Safari/537.36 Chrome-Lighthouse
https://buy.gsa.gov/,https://buy.gsa.gov/,0.9,1,1,Mozilla/5.0 (Linux; Android 7.0; Moto G (4)) AppleWebKit/537.36 (KHTML, like Gecko) Chrome/98.0.4695.0 Mobile Safari/537.36 Chrome-Lighthouse
https://open.sam.gov/,https://open.sam.gov/,,,,Mozilla/5.0 (Linux; Android 7.0; Moto G (4)) AppleWebKit/537.36 (KHTML, like Gecko) Chrome/98.0.4695.0 Mobile Safari/537.36 Chrome-Lighthouse
https://wp-bsp.data.gov/,https://wp-bsp.data.gov/,,,,Mozilla/5.0 (Linux; Android 7.0; Moto G (4)) AppleWebKit/537.36 (KHTML, like Gecko) Chrome/98.0.4695.0 Mobile Safari/537.36 Chrome-Lighthouse
https://vehiclestd.fas.gsa.gov/CommentCollector/Home,https://vehiclestd.fas.gsa.gov/,0.83,1,0.47,Mozilla/5.0 (Linux; Android 7.0; Moto G (4)) AppleWebKit/537.36 (KHTML, like Gecko) Chrome/98.0.4695.0 Mobile Safari/537.36 Chrome-Lighthouse
https://training.smartpay.gsa.gov/,https://training.smartpay.gsa.gov/,1,1,1,Mozilla/5.0 (Linux; Android 7.0; Moto G (4)) AppleWebKit/537.36 (KHTML, like Gecko) Chrome/98.0.4695.0 Mobile Safari/537.36 Chrome-Lighthouse
https://design.login.gov/,https://design.login.gov/,1,1,1,Mozilla/5.0 (Linux; Android 7.0; Moto G (4)) AppleWebKit/537.36 (KHTML, like Gecko) Chrome/98.0.4695.0 Mobile Safari/537.36 Chrome-Lighthouse
https://ncrrecycles.gsa.gov/recycle/,https://ncrrecycles.gsa.gov/,0.88,0,0,Mozilla/5.0 (Linux; Android 7.0; Moto G (4)) AppleWebKit/537.36 (KHTML, like Gecko) Chrome/98.0.4695.0 Mobile Safari/537.36 Chrome-Lighthouse
https://api.acquisition.gov/,https://api.acquisition.gov/,0.93,1,1,Mozilla/5.0 (Linux; Android 7.0; Moto G (4)) AppleWebKit/537.36 (KHTML, like Gecko) Chrome/98.0.4695.0 Mobile Safari/537.36 Chrome-Lighthouse
https://financeweb.gsa.gov/,https://financeweb.gsa.gov/,1,1,0.71,Mozilla/5.0 (Linux; Android 7.0; Moto G (4)) AppleWebKit/537.36 (KHTML, like Gecko) Chrome/98.0.4695.0 Mobile Safari/537.36 Chrome-Lighthouse
https://slc.gsa.gov/,https://slc.gsa.gov/,,,,Mozilla/5.0 (Linux; Android 7.0; Moto G (4)) AppleWebKit/537.36 (KHTML, like Gecko) Chrome/98.0.4695.0 Mobile Safari/537.36 Chrome-Lighthouse
https://drivethru.gsa.gov/maintenance.html,https://drivethru.gsa.gov/,0.92,0,0.1,Mozilla/5.0 (Linux; Android 7.0; Moto G (4)) AppleWebKit/537.36 (KHTML, like Gecko) Chrome/98.0.4695.0 Mobile Safari/537.36 Chrome-Lighthouse
https://login.gov/,https://login.gov/,0.98,1,1,Mozilla/5.0 (Linux; Android 7.0; Moto G (4)) AppleWebKit/537.36 (KHTML, like Gecko) Chrome/98.0.4695.0 Mobile Safari/537.36 Chrome-Lighthouse
https://www.afadvantage.gov/advantage/?store=AIRFORCE&theme=adv19,https://afadvantage.gov/,0.94,1,1,Mozilla/5.0 (Linux; Android 7.0; Moto G (4)) AppleWebKit/537.36 (KHTML, like Gecko) Chrome/98.0.4695.0 Mobile Safari/537.36 Chrome-Lighthouse
https://www.rocis.gov/rocis/,https://rocis.gov/,0.93,0,0,Mozilla/5.0 (Linux; Android 7.0; Moto G (4)) AppleWebKit/537.36 (KHTML, like Gecko) Chrome/98.0.4695.0 Mobile Safari/537.36 Chrome-Lighthouse
https://aas.gsa.gov/,https://aas.gsa.gov/,0.98,1,0.25,Mozilla/5.0 (Linux; Android 7.0; Moto G (4)) AppleWebKit/537.36 (KHTML, like Gecko) Chrome/98.0.4695.0 Mobile Safari/537.36 Chrome-Lighthouse
https://federalistapp.18f.gov/,https://federalistapp.18f.gov/,0.89,1,1,Mozilla/5.0 (Linux; Android 7.0; Moto G (4)) AppleWebKit/537.36 (KHTML, like Gecko) Chrome/98.0.4695.0 Mobile Safari/537.36 Chrome-Lighthouse
https://tailored.fedramp.gov/,https://tailored.fedramp.gov/,1,1,1,Mozilla/5.0 (Linux; Android 7.0; Moto G (4)) AppleWebKit/537.36 (KHTML, like Gecko) Chrome/98.0.4695.0 Mobile Safari/537.36 Chrome-Lighthouse
https://www.data.gov/,https://data.gov/,0.96,1,0.75,Mozilla/5.0 (Linux; Android 7.0; Moto G (4)) AppleWebKit/537.36 (KHTML, like Gecko) Chrome/98.0.4695.0 Mobile Safari/537.36 Chrome-Lighthouse
https://www.cfo.gov/,https://cfo.gov/,1,1,1,Mozilla/5.0 (Linux; Android 7.0; Moto G (4)) AppleWebKit/537.36 (KHTML, like Gecko) Chrome/98.0.4695.0 Mobile Safari/537.36 Chrome-Lighthouse
https://techfarhub.cio.gov/,https://techfarhub.cio.gov/,0.98,1,0.85,Mozilla/5.0 (Linux; Android 7.0; Moto G (4)) AppleWebKit/537.36 (KHTML, like Gecko) Chrome/98.0.4695.0 Mobile Safari/537.36 Chrome-Lighthouse
https://login.acquisition.gov/,https://login.acquisition.gov/,0.82,1,1,Mozilla/5.0 (Linux; Android 7.0; Moto G (4)) AppleWebKit/537.36 (KHTML, like Gecko) Chrome/98.0.4695.0 Mobile Safari/537.36 Chrome-Lighthouse
https://tams.gsa.gov/,https://tams.gsa.gov/,1,0,1,Mozilla/5.0 (Linux; Android 7.0; Moto G (4)) AppleWebKit/537.36 (KHTML, like Gecko) Chrome/98.0.4695.0 Mobile Safari/537.36 Chrome-Lighthouse
https://playbook.cio.gov/,https://playbook.cio.gov/,0.8,1,1,Mozilla/5.0 (Linux; Android 7.0; Moto G (4)) AppleWebKit/537.36 (KHTML, like Gecko) Chrome/98.0.4695.0 Mobile Safari/537.36 Chrome-Lighthouse
https://cic.gsa.gov/,https://cic.gsa.gov/,0.98,1,1,Mozilla/5.0 (Linux; Android 7.0; Moto G (4)) AppleWebKit/537.36 (KHTML, like Gecko) Chrome/98.0.4695.0 Mobile Safari/537.36 Chrome-Lighthouse
https://labs.gsa.gov/s/,https://labs.gsa.gov/,0.98,1,1,Mozilla/5.0 (Linux; Android 7.0; Moto G (4)) AppleWebKit/537.36 (KHTML, like Gecko) Chrome/98.0.4695.0 Mobile Safari/537.36 Chrome-Lighthouse
https://www.citizenscience.gov/,https://citizenscience.gov/,0.97,1,1,Mozilla/5.0 (Linux; Android 7.0; Moto G (4)) AppleWebKit/537.36 (KHTML, like Gecko) Chrome/98.0.4695.0 Mobile Safari/537.36 Chrome-Lighthouse
https://www.gsaadvantage.gov/advantage/?theme=adv19&store=ADVANTAGE,https://gsaadvantage.gov/,0.76,1,0.72,Mozilla/5.0 (Linux; Android 7.0; Moto G (4)) AppleWebKit/537.36 (KHTML, like Gecko) Chrome/98.0.4695.0 Mobile Safari/537.36 Chrome-Lighthouse
https://gsaxcesspractice.fas.gsa.gov/,https://gsaxcesspractice.fas.gsa.gov/,0.77,0,0,Mozilla/5.0 (Linux; Android 7.0; Moto G (4)) AppleWebKit/537.36 (KHTML, like Gecko) Chrome/98.0.4695.0 Mobile Safari/537.36 Chrome-Lighthouse
https://code.gov/,https://code.gov/,1,1,0.79,Mozilla/5.0 (Linux; Android 7.0; Moto G (4)) AppleWebKit/537.36 (KHTML, like Gecko) Chrome/98.0.4695.0 Mobile Safari/537.36 Chrome-Lighthouse
https://finance.ocfo.gsa.gov/pii/piinotice.aspx?token=PI001,https://finance.ocfo.gsa.gov/,1,0,0,Mozilla/5.0 (Linux; Android 7.0; Moto G (4)) AppleWebKit/537.36 (KHTML, like Gecko) Chrome/98.0.4695.0 Mobile Safari/537.36 Chrome-Lighthouse
https://usaccess-alp.gsa.gov/login,https://usaccess-alp.gsa.gov/,0.97,1,1,Mozilla/5.0 (Linux; Android 7.0; Moto G (4)) AppleWebKit/537.36 (KHTML, like Gecko) Chrome/98.0.4695.0 Mobile Safari/537.36 Chrome-Lighthouse
https://www.usmcservmart.gsa.gov/advantage/?store=USMC,https://usmcservmart.gsa.gov/,0.75,0,0.37,Mozilla/5.0 (Linux; Android 7.0; Moto G (4)) AppleWebKit/537.36 (KHTML, like Gecko) Chrome/98.0.4695.0 Mobile Safari/537.36 Chrome-Lighthouse
https://1.usa.gov/,https://1.usa.gov/,1,1,1,Mozilla/5.0 (Linux; Android 7.0; Moto G (4)) AppleWebKit/537.36 (KHTML, like Gecko) Chrome/98.0.4695.0 Mobile Safari/537.36 Chrome-Lighthouse
https://buy.gsa.gov/contracts,https://discovery.gsa.gov/,0.72,1,0.59,Mozilla/5.0 (Linux; Android 7.0; Moto G (4)) AppleWebKit/537.36 (KHTML, like Gecko) Chrome/98.0.4695.0 Mobile Safari/537.36 Chrome-Lighthouse
https://ret.gsa.gov/realestatetaxes/s/,https://ret.gsa.gov/,0.96,1,1,Mozilla/5.0 (Linux; Android 7.0; Moto G (4)) AppleWebKit/537.36 (KHTML, like Gecko) Chrome/98.0.4695.0 Mobile Safari/537.36 Chrome-Lighthouse
https://secureauth.gsa.gov/SecureAuth234/?SAMLRequest=fVNdj9owEHy%2FX4HyDvkiFCyIlIb2ikQBkfRU9eXkOAtnKbGp16H039c2HMdJPfzm3dnZnfF6irRtDiTr9IvYwu8OUD%2F0eqe2EUhcauZ1ShBJkSMRtAUkmpEi%2B74k0SAgByW1ZLLx3hXdr6GIoDSXwhYt5jNvvfqyXD8uVs8QjKt4ElY1HY6iClhCh8l4lLAqCekQIhqz3ejTJIls4RMoNBwzz1Da%2B0bJI69BrUy%2FmZeXWe7oETtYCNRUaAMNoqgfhP0wLoMhicckjH5Z1Nyo5oJqx%2Fei9QGJ7yOwTgE1xgz2SAd7efQLF7JeRXF8aerkf%2Bai5mJ%2FX3d1BiH5Vpab%2FmZdlJYie3UjlwK7FlQB6sgZ%2FNgu32bhArmG6xzWY5%2Bd8V5qSKY2QpxYlT4W2fPbpFP%2FNmewF%2FSBWKcW841sOPvr4vZ8laql%2BmMh4SB0EV73dw5KoKW8yepaAaJ35cmaRv7JjX%2FavIZWHXg9%2F133y7JB7VbPiNdw0r1ctgeqONqHgBNl2kuvlGeRt%2FC8Mbu0hV16d90YYRZnwj%2BTYHLx47805%2Fn8OwOmD6%2Fp2x%2BT%2FgM%3D&RelayState=https%3A%2F%2Finsite.gsa.gov%2F,https://insite.gsa.gov/,0.88,1,0.53,Mozilla/5.0 (Linux; Android 7.0; Moto G (4)) AppleWebKit/537.36 (KHTML, like Gecko) Chrome/98.0.4695.0 Mobile Safari/537.36 Chrome-Lighthouse
https://sam.gov/content/home,https://sam.gov/,1,1,1,Mozilla/5.0 (Linux; Android 7.0; Moto G (4)) AppleWebKit/537.36 (KHTML, like Gecko) Chrome/98.0.4695.0 Mobile Safari/537.36 Chrome-Lighthouse
https://vec.gsa.gov/,https://vec.gsa.gov/,,,,Mozilla/5.0 (Linux; Android 7.0; Moto G (4)) AppleWebKit/537.36 (KHTML, like Gecko) Chrome/98.0.4695.0 Mobile Safari/537.36 Chrome-Lighthouse
https://property.reporting.gov/,https://property.reporting.gov/,,,,Mozilla/5.0 (Linux; Android 7.0; Moto G (4)) AppleWebKit/537.36 (KHTML, like Gecko) Chrome/98.0.4695.0 Mobile Safari/537.36 Chrome-Lighthouse
https://i14y.search.usa.gov/,https://i14y.search.usa.gov/,,,,Mozilla/5.0 (Linux; Android 7.0; Moto G (4)) AppleWebKit/537.36 (KHTML, like Gecko) Chrome/98.0.4695.0 Mobile Safari/537.36 Chrome-Lighthouse
https://training.rocis.gov/rocis/,https://training.rocis.gov/,0.94,0,0,Mozilla/5.0 (Linux; Android 7.0; Moto G (4)) AppleWebKit/537.36 (KHTML, like Gecko) Chrome/98.0.4695.0 Mobile Safari/537.36 Chrome-Lighthouse
https://labs.usa.gov/,https://labs.usa.gov/,1,1,1,Mozilla/5.0 (Linux; Android 7.0; Moto G (4)) AppleWebKit/537.36 (KHTML, like Gecko) Chrome/98.0.4695.0 Mobile Safari/537.36 Chrome-Lighthouse
https://analytics.usa.gov/,https://analytics.usa.gov/,0.82,1,0.71,Mozilla/5.0 (Linux; Android 7.0; Moto G (4)) AppleWebKit/537.36 (KHTML, like Gecko) Chrome/98.0.4695.0 Mobile Safari/537.36 Chrome-Lighthouse
https://fleet.fas.gsa.gov/,https://fleet.fas.gsa.gov/,,,,Mozilla/5.0 (Linux; Android 7.0; Moto G (4)) AppleWebKit/537.36 (KHTML, like Gecko) Chrome/98.0.4695.0 Mobile Safari/537.36 Chrome-Lighthouse
https://www.fpds.gov/fpdsng_cms/index.php/en/,https://fpds.gov/,0.96,0,0,Mozilla/5.0 (Linux; Android 7.0; Moto G (4)) AppleWebKit/537.36 (KHTML, like Gecko) Chrome/98.0.4695.0 Mobile Safari/537.36 Chrome-Lighthouse
https://content-guide.18f.gov/,https://content-guide.18f.gov/,1,1,1,Mozilla/5.0 (Linux; Android 7.0; Moto G (4)) AppleWebKit/537.36 (KHTML, like Gecko) Chrome/98.0.4695.0 Mobile Safari/537.36 Chrome-Lighthouse
https://computersforlearning.gov/,https://computersforlearning.gov/,0.88,0,0,Mozilla/5.0 (Linux; Android 7.0; Moto G (4)) AppleWebKit/537.36 (KHTML, like Gecko) Chrome/98.0.4695.0 Mobile Safari/537.36 Chrome-Lighthouse
https://presidentialinnovationfellows.gov/,https://presidentialinnovationfellows.gov/,0.98,1,0.84,Mozilla/5.0 (Linux; Android 7.0; Moto G (4)) AppleWebKit/537.36 (KHTML, like Gecko) Chrome/98.0.4695.0 Mobile Safari/537.36 Chrome-Lighthouse
https://tscportal.fas.gsa.gov/,https://tscportal.fas.gsa.gov/,0.93,1,1,Mozilla/5.0 (Linux; Android 7.0; Moto G (4)) AppleWebKit/537.36 (KHTML, like Gecko) Chrome/98.0.4695.0 Mobile Safari/537.36 Chrome-Lighthouse
https://usdigitalregistry.digitalgov.gov/,https://usdigitalregistry.digitalgov.gov/,0.98,0,1,Mozilla/5.0 (Linux; Android 7.0; Moto G (4)) AppleWebKit/537.36 (KHTML, like Gecko) Chrome/98.0.4695.0 Mobile Safari/537.36 Chrome-Lighthouse
https://portfolios.18f.gov/,https://portfolios.18f.gov/,0.98,1,1,Mozilla/5.0 (Linux; Android 7.0; Moto G (4)) AppleWebKit/537.36 (KHTML, like Gecko) Chrome/98.0.4695.0 Mobile Safari/537.36 Chrome-Lighthouse
https://www.performance.gov/,https://performance.gov/,0.96,1,1,Mozilla/5.0 (Linux; Android 7.0; Moto G (4)) AppleWebKit/537.36 (KHTML, like Gecko) Chrome/98.0.4695.0 Mobile Safari/537.36 Chrome-Lighthouse
https://www.fpc.gov/,https://fpc.gov/,1,1,1,Mozilla/5.0 (Linux; Android 7.0; Moto G (4)) AppleWebKit/537.36 (KHTML, like Gecko) Chrome/98.0.4695.0 Mobile Safari/537.36 Chrome-Lighthouse
https://coe.gsa.gov/,https://coe.gsa.gov/,1,1,1,Mozilla/5.0 (Linux; Android 7.0; Moto G (4)) AppleWebKit/537.36 (KHTML, like Gecko) Chrome/98.0.4695.0 Mobile Safari/537.36 Chrome-Lighthouse
https://disposal.gsa.gov/s/,https://disposal.gsa.gov/,0.97,1,1,Mozilla/5.0 (Linux; Android 7.0; Moto G (4)) AppleWebKit/537.36 (KHTML, like Gecko) Chrome/98.0.4695.0 Mobile Safari/537.36 Chrome-Lighthouse
https://ffms.fas.gsa.gov/ffms/fastart/,https://ffms.fas.gsa.gov/,0.91,0,0,Mozilla/5.0 (Linux; Android 7.0; Moto G (4)) AppleWebKit/537.36 (KHTML, like Gecko) Chrome/98.0.4695.0 Mobile Safari/537.36 Chrome-Lighthouse
https://fbohome.sam.gov/,https://fbohome.sam.gov/,1,1,1,Mozilla/5.0 (Linux; Android 7.0; Moto G (4)) AppleWebKit/537.36 (KHTML, like Gecko) Chrome/98.0.4695.0 Mobile Safari/537.36 Chrome-Lighthouse
https://courtsweb.gsa.gov/,https://courtsweb.gsa.gov/,0.94,1,1,Mozilla/5.0 (Linux; Android 7.0; Moto G (4)) AppleWebKit/537.36 (KHTML, like Gecko) Chrome/98.0.4695.0 Mobile Safari/537.36 Chrome-Lighthouse
https://cloud.cio.gov/,https://cloud.cio.gov/,0.9,1,1,Mozilla/5.0 (Linux; Android 7.0; Moto G (4)) AppleWebKit/537.36 (KHTML, like Gecko) Chrome/98.0.4695.0 Mobile Safari/537.36 Chrome-Lighthouse
https://www.gsa.gov/,https://gsa.gov/,1,0,1,Mozilla/5.0 (Linux; Android 7.0; Moto G (4)) AppleWebKit/537.36 (KHTML, like Gecko) Chrome/98.0.4695.0 Mobile Safari/537.36 Chrome-Lighthouse
https://sam-landing.login.gov/,https://sam-landing.login.gov/,,,,Mozilla/5.0 (Linux; Android 7.0; Moto G (4)) AppleWebKit/537.36 (KHTML, like Gecko) Chrome/98.0.4695.0 Mobile Safari/537.36 Chrome-Lighthouse
https://www.gsaglobalsupply.gsa.gov/advantage/?store=FSS,https://gsaglobalsupply.gsa.gov/,0.7,0,0.32,Mozilla/5.0 (Linux; Android 7.0; Moto G (4)) AppleWebKit/537.36 (KHTML, like Gecko) Chrome/98.0.4695.0 Mobile Safari/537.36 Chrome-Lighthouse
https://open.gsa.gov/,https://open.gsa.gov/,1,0,0.81,Mozilla/5.0 (Linux; Android 7.0; Moto G (4)) AppleWebKit/537.36 (KHTML, like Gecko) Chrome/98.0.4695.0 Mobile Safari/537.36 Chrome-Lighthouse
https://contractdirectory.gov/contractdirectory/,https://contractdirectory.gov/,0.84,0,0,Mozilla/5.0 (Linux; Android 7.0; Moto G (4)) AppleWebKit/537.36 (KHTML, like Gecko) Chrome/98.0.4695.0 Mobile Safari/537.36 Chrome-Lighthouse
https://handbook.tts.gsa.gov/,https://handbook.tts.gsa.gov/,0.98,1,0.13,Mozilla/5.0 (Linux; Android 7.0; Moto G (4)) AppleWebKit/537.36 (KHTML, like Gecko) Chrome/98.0.4695.0 Mobile Safari/537.36 Chrome-Lighthouse
https://pbs-billing.gsa.gov/,https://pbs-billing.gsa.gov/,,,,Mozilla/5.0 (Linux; Android 7.0; Moto G (4)) AppleWebKit/537.36 (KHTML, like Gecko) Chrome/98.0.4695.0 Mobile Safari/537.36 Chrome-Lighthouse
https://extportal.pbs.gsa.gov/,https://extportal.pbs.gsa.gov/,,,,Mozilla/5.0 (Linux; Android 7.0; Moto G (4)) AppleWebKit/537.36 (KHTML, like Gecko) Chrome/98.0.4695.0 Mobile Safari/537.36 Chrome-Lighthouse
https://secure.login.gov/,https://secure.login.gov/,1,1,0.83,Mozilla/5.0 (Linux; Android 7.0; Moto G (4)) AppleWebKit/537.36 (KHTML, like Gecko) Chrome/98.0.4695.0 Mobile Safari/537.36 Chrome-Lighthouse
https://fedpay.gsa.gov/,https://fedpay.gsa.gov/,,,,Mozilla/5.0 (Linux; Android 7.0; Moto G (4)) AppleWebKit/537.36 (KHTML, like Gecko) Chrome/98.0.4695.0 Mobile Safari/537.36 Chrome-Lighthouse
https://vaadvantage.gsa.gov/advantage/?store=VA&theme=adv19,https://vaadvantage.gsa.gov/,0.94,1,1,Mozilla/5.0 (Linux; Android 7.0; Moto G (4)) AppleWebKit/537.36 (KHTML, like Gecko) Chrome/98.0.4695.0 Mobile Safari/537.36 Chrome-Lighthouse
https://cm-jira.usa.gov/login.jsp?permissionViolation=true&os_destination=https%3A%2F%2Fcm-jira.usa.gov%2Fplugins%2Fservlet%2Fmobile%23myjirahome&page_caps=&user_role=USER,https://cm-jira.usa.gov/,1,1,0.7,Mozilla/5.0 (Linux; Android 7.0; Moto G (4)) AppleWebKit/537.36 (KHTML, like Gecko) Chrome/98.0.4695.0 Mobile Safari/537.36 Chrome-Lighthouse
https://brody.identitysandbox.gov/,https://brody.identitysandbox.gov/,,,,Mozilla/5.0 (Linux; Android 7.0; Moto G (4)) AppleWebKit/537.36 (KHTML, like Gecko) Chrome/98.0.4695.0 Mobile Safari/537.36 Chrome-Lighthouse
https://www.esrs.gov/,https://esrs.gov/,1,0,0,Mozilla/5.0 (Linux; Android 7.0; Moto G (4)) AppleWebKit/537.36 (KHTML, like Gecko) Chrome/98.0.4695.0 Mobile Safari/537.36 Chrome-Lighthouse
https://www.idmanagement.gov/,https://idmanagement.gov/,1,1,0.76,Mozilla/5.0 (Linux; Android 7.0; Moto G (4)) AppleWebKit/537.36 (KHTML, like Gecko) Chrome/98.0.4695.0 Mobile Safari/537.36 Chrome-Lighthouse
https://fedsim.gsa.gov/,https://fedsim.gsa.gov/,0.98,1,0.25,Mozilla/5.0 (Linux; Android 7.0; Moto G (4)) AppleWebKit/537.36 (KHTML, like Gecko) Chrome/98.0.4695.0 Mobile Safari/537.36 Chrome-Lighthouse
https://github.com/login?return_to=%2Fpages%2Fauth%3Fnonce%3D407a9076-ceba-4851-8640-b73117aab6c6%26page_id%3D18363620%26path%3DLw,https://odp.gsa.gov/,0.98,1,0.79,Mozilla/5.0 (Linux; Android 7.0; Moto G (4)) AppleWebKit/537.36 (KHTML, like Gecko) Chrome/98.0.4695.0 Mobile Safari/537.36 Chrome-Lighthouse
https://mobile.reginfo.gov/public/,https://mobile.reginfo.gov/,1,0,0,Mozilla/5.0 (Linux; Android 7.0; Moto G (4)) AppleWebKit/537.36 (KHTML, like Gecko) Chrome/98.0.4695.0 Mobile Safari/537.36 Chrome-Lighthouse
https://paygap.pif.gov/,https://paygap.pif.gov/,0.83,1,1,Mozilla/5.0 (Linux; Android 7.0; Moto G (4)) AppleWebKit/537.36 (KHTML, like Gecko) Chrome/98.0.4695.0 Mobile Safari/537.36 Chrome-Lighthouse
https://cpars.gov/,https://cpars.gov/,0.89,1,0.28,Mozilla/5.0 (Linux; Android 7.0; Moto G (4)) AppleWebKit/537.36 (KHTML, like Gecko) Chrome/98.0.4695.0 Mobile Safari/537.36 Chrome-Lighthouse
https://www.gsaelibrary.gsa.gov/ElibMain/home.do,https://gsaelibrary.gsa.gov/,0.71,0,0,Mozilla/5.0 (Linux; Android 7.0; Moto G (4)) AppleWebKit/537.36 (KHTML, like Gecko) Chrome/98.0.4695.0 Mobile Safari/537.36 Chrome-Lighthouse
https://www.travel.reporting.gov/TRAVEL/TRAVELLogin,https://travel.reporting.gov/,1,1,0.79,Mozilla/5.0 (Linux; Android 7.0; Moto G (4)) AppleWebKit/537.36 (KHTML, like Gecko) Chrome/98.0.4695.0 Mobile Safari/537.36 Chrome-Lighthouse
https://www.fedidcard.gov/,https://fedidcard.gov/,0.89,0,0.31,Mozilla/5.0 (Linux; Android 7.0; Moto G (4)) AppleWebKit/537.36 (KHTML, like Gecko) Chrome/98.0.4695.0 Mobile Safari/537.36 Chrome-Lighthouse
https://www.gsaadvantage.gov/advantage/?theme=adv19&store=ADVANTAGE,https://advantage.gsa.gov/,0.76,1,0.72,Mozilla/5.0 (Linux; Android 7.0; Moto G (4)) AppleWebKit/537.36 (KHTML, like Gecko) Chrome/98.0.4695.0 Mobile Safari/537.36 Chrome-Lighthouse
https://18f.gsa.gov/,https://18f.gsa.gov/,0.91,1,1,Mozilla/5.0 (Linux; Android 7.0; Moto G (4)) AppleWebKit/537.36 (KHTML, like Gecko) Chrome/98.0.4695.0 Mobile Safari/537.36 Chrome-Lighthouse
https://www.reginfo.gov/public/,https://reginfo.gov/,1,0,0,Mozilla/5.0 (Linux; Android 7.0; Moto G (4)) AppleWebKit/537.36 (KHTML, like Gecko) Chrome/98.0.4695.0 Mobile Safari/537.36 Chrome-Lighthouse
https://cmls.gsa.gov/s/,https://cmls.gsa.gov/,1,1,0.85,Mozilla/5.0 (Linux; Android 7.0; Moto G (4)) AppleWebKit/537.36 (KHTML, like Gecko) Chrome/98.0.4695.0 Mobile Safari/537.36 Chrome-Lighthouse
https://ussm.gsa.gov/,https://ussm.gsa.gov/,1,1,0.54,Mozilla/5.0 (Linux; Android 7.0; Moto G (4)) AppleWebKit/537.36 (KHTML, like Gecko) Chrome/98.0.4695.0 Mobile Safari/537.36 Chrome-Lighthouse
https://autovendor.fas.gsa.gov/AutoVendor/Home,https://autovendor.fas.gsa.gov/,0.83,0,0.59,Mozilla/5.0 (Linux; Android 7.0; Moto G (4)) AppleWebKit/537.36 (KHTML, like Gecko) Chrome/98.0.4695.0 Mobile Safari/537.36 Chrome-Lighthouse
https://hallways.cap.gsa.gov/app/,https://hallways.cap.gsa.gov/,0.87,1,1,Mozilla/5.0 (Linux; Android 7.0; Moto G (4)) AppleWebKit/537.36 (KHTML, like Gecko) Chrome/98.0.4695.0 Mobile Safari/537.36 Chrome-Lighthouse
https://spdatawarehouse.gsa.gov/smartpay/,https://spdatawarehouse.gsa.gov/,0.85,0,0.76,Mozilla/5.0 (Linux; Android 7.0; Moto G (4)) AppleWebKit/537.36 (KHTML, like Gecko) Chrome/98.0.4695.0 Mobile Safari/537.36 Chrome-Lighthouse
https://go.usa.gov/,https://go.usa.gov/,0.96,0,0,Mozilla/5.0 (Linux; Android 7.0; Moto G (4)) AppleWebKit/537.36 (KHTML, like Gecko) Chrome/98.0.4695.0 Mobile Safari/537.36 Chrome-Lighthouse
https://tech.gsa.gov/,https://tech.gsa.gov/,0.98,1,1,Mozilla/5.0 (Linux; Android 7.0; Moto G (4)) AppleWebKit/537.36 (KHTML, like Gecko) Chrome/98.0.4695.0 Mobile Safari/537.36 Chrome-Lighthouse
https://dashboard.brody.identitysandbox.gov/,https://dashboard.brody.identitysandbox.gov/,,,,Mozilla/5.0 (Linux; Android 7.0; Moto G (4)) AppleWebKit/537.36 (KHTML, like Gecko) Chrome/98.0.4695.0 Mobile Safari/537.36 Chrome-Lighthouse
https://feedback.usa.gov/,https://feedback.usa.gov/,0.92,1,0.67,Mozilla/5.0 (Linux; Android 7.0; Moto G (4)) AppleWebKit/537.36 (KHTML, like Gecko) Chrome/98.0.4695.0 Mobile Safari/537.36 Chrome-Lighthouse
https://mysmartplans.gsa.gov/GSA_WEB_Start.htm,https://mysmartplans.gsa.gov/,0.88,0,0,Mozilla/5.0 (Linux; Android 7.0; Moto G (4)) AppleWebKit/537.36 (KHTML, like Gecko) Chrome/98.0.4695.0 Mobile Safari/537.36 Chrome-Lighthouse
https://idp.dev.identitysandbox.gov/,https://dev.identitysandbox.gov/,1,1,0.83,Mozilla/5.0 (Linux; Android 7.0; Moto G (4)) AppleWebKit/537.36 (KHTML, like Gecko) Chrome/98.0.4695.0 Mobile Safari/537.36 Chrome-Lighthouse
https://api.data.gov/,https://api.data.gov/,0.97,1,0.46,Mozilla/5.0 (Linux; Android 7.0; Moto G (4)) AppleWebKit/537.36 (KHTML, like Gecko) Chrome/98.0.4695.0 Mobile Safari/537.36 Chrome-Lighthouse
https://agile-labor-categories.18f.gov/,https://agile-labor-categories.18f.gov/,0.89,1,1,Mozilla/5.0 (Linux; Android 7.0; Moto G (4)) AppleWebKit/537.36 (KHTML, like Gecko) Chrome/98.0.4695.0 Mobile Safari/537.36 Chrome-Lighthouse
https://federalist-builder.18f.gov/,https://federalist-builder.18f.gov/,,,,Mozilla/5.0 (Linux; Android 7.0; Moto G (4)) AppleWebKit/537.36 (KHTML, like Gecko) Chrome/98.0.4695.0 Mobile Safari/537.36 Chrome-Lighthouse
https://fleeteur.fas.gsa.gov/fleeteur/fleeteur,https://fleeteur.fas.gsa.gov/,0.59,0,0,Mozilla/5.0 (Linux; Android 7.0; Moto G (4)) AppleWebKit/537.36 (KHTML, like Gecko) Chrome/98.0.4695.0 Mobile Safari/537.36 Chrome-Lighthouse
https://playbooks.idmanagement.gov/,https://playbooks.idmanagement.gov/,1,1,0.78,Mozilla/5.0 (Linux; Android 7.0; Moto G (4)) AppleWebKit/537.36 (KHTML, like Gecko) Chrome/98.0.4695.0 Mobile Safari/537.36 Chrome-Lighthouse
https://www.fdms.gov/login,https://fdms.gov/,0.9,1,1,Mozilla/5.0 (Linux; Android 7.0; Moto G (4)) AppleWebKit/537.36 (KHTML, like Gecko) Chrome/98.0.4695.0 Mobile Safari/537.36 Chrome-Lighthouse
https://sat.reginfo.gov/,https://sat.reginfo.gov/,,,,Mozilla/5.0 (Linux; Android 7.0; Moto G (4)) AppleWebKit/537.36 (KHTML, like Gecko) Chrome/98.0.4695.0 Mobile Safari/537.36 Chrome-Lighthouse
https://www.fapiis.gov/fapiis/index.html,https://fapiis.gov/,0.89,1,0.5,Mozilla/5.0 (Linux; Android 7.0; Moto G (4)) AppleWebKit/537.36 (KHTML, like Gecko) Chrome/98.0.4695.0 Mobile Safari/537.36 Chrome-Lighthouse
https://10x.gsa.gov/,https://10x.gsa.gov/,1,1,0.68,Mozilla/5.0 (Linux; Android 7.0; Moto G (4)) AppleWebKit/537.36 (KHTML, like Gecko) Chrome/98.0.4695.0 Mobile Safari/537.36 Chrome-Lighthouse
https://apps.ocfo.gsa.gov/?warning=0,https://apps.ocfo.gsa.gov/,0.86,1,0.51,Mozilla/5.0 (Linux; Android 7.0; Moto G (4)) AppleWebKit/537.36 (KHTML, like Gecko) Chrome/98.0.4695.0 Mobile Safari/537.36 Chrome-Lighthouse
https://mysales.fas.gsa.gov/sasy/sasywel/,https://mysales.fas.gsa.gov/,0.81,0,0,Mozilla/5.0 (Linux; Android 7.0; Moto G (4)) AppleWebKit/537.36 (KHTML, like Gecko) Chrome/98.0.4695.0 Mobile Safari/537.36 Chrome-Lighthouse
https://calc.gsa.gov/,https://calc.gsa.gov/,0.93,0,1,Mozilla/5.0 (Linux; Android 7.0; Moto G (4)) AppleWebKit/537.36 (KHTML, like Gecko) Chrome/98.0.4695.0 Mobile Safari/537.36 Chrome-Lighthouse
https://marketplace.fedramp.gov/,https://marketplace.fedramp.gov/,0.83,1,0.89,Mozilla/5.0 (Linux; Android 7.0; Moto G (4)) AppleWebKit/537.36 (KHTML, like Gecko) Chrome/98.0.4695.0 Mobile Safari/537.36 Chrome-Lighthouse
https://itvmo.gsa.gov/,https://itvmo.gsa.gov/,1,1,1,Mozilla/5.0 (Linux; Android 7.0; Moto G (4)) AppleWebKit/537.36 (KHTML, like Gecko) Chrome/98.0.4695.0 Mobile Safari/537.36 Chrome-Lighthouse
https://federation.data.gov/,https://federation.data.gov/,0.95,1,1,Mozilla/5.0 (Linux; Android 7.0; Moto G (4)) AppleWebKit/537.36 (KHTML, like Gecko) Chrome/98.0.4695.0 Mobile Safari/537.36 Chrome-Lighthouse
https://digitalcorps.gsa.gov/,https://digitalcorps.gsa.gov/,1,1,1,Mozilla/5.0 (Linux; Android 7.0; Moto G (4)) AppleWebKit/537.36 (KHTML, like Gecko) Chrome/98.0.4695.0 Mobile Safari/537.36 Chrome-Lighthouse
https://www.gsaadvantage.gov/advantage/?theme=adv19&store=ADVANTAGE,https://gsaadvantage.gsa.gov/,0.76,1,0.72,Mozilla/5.0 (Linux; Android 7.0; Moto G (4)) AppleWebKit/537.36 (KHTML, like Gecko) Chrome/98.0.4695.0 Mobile Safari/537.36 Chrome-Lighthouse
https://digital.gov/,https://digital.gov/,1,1,1,Mozilla/5.0 (Linux; Android 7.0; Moto G (4)) AppleWebKit/537.36 (KHTML, like Gecko) Chrome/98.0.4695.0 Mobile Safari/537.36 Chrome-Lighthouse
https://www.fai.gov/,https://fai.gov/,0.89,0,1,Mozilla/5.0 (Linux; Android 7.0; Moto G (4)) AppleWebKit/537.36 (KHTML, like Gecko) Chrome/98.0.4695.0 Mobile Safari/537.36 Chrome-Lighthouse
https://www.paymentaccuracy.gov/,https://paymentaccuracy.gov/,1,0,1,Mozilla/5.0 (Linux; Android 7.0; Moto G (4)) AppleWebKit/537.36 (KHTML, like Gecko) Chrome/98.0.4695.0 Mobile Safari/537.36 Chrome-Lighthouse
https://blog.usa.gov/,https://blog.usa.gov/,0.91,1,0.75,Mozilla/5.0 (Linux; Android 7.0; Moto G (4)) AppleWebKit/537.36 (KHTML, like Gecko) Chrome/98.0.4695.0 Mobile Safari/537.36 Chrome-Lighthouse
https://www.section508.gov/,https://section508.gov/,1,1,0.67,Mozilla/5.0 (Linux; Android 7.0; Moto G (4)) AppleWebKit/537.36 (KHTML, like Gecko) Chrome/98.0.4695.0 Mobile Safari/537.36 Chrome-Lighthouse
https://open-staging.usa.gov/,https://open-staging.usa.gov/,0.97,1,1,Mozilla/5.0 (Linux; Android 7.0; Moto G (4)) AppleWebKit/537.36 (KHTML, like Gecko) Chrome/98.0.4695.0 Mobile Safari/537.36 Chrome-Lighthouse
https://www.realpropertyprofile.gov/FRPPMS/FRPP_Login?sfdcIFrameOrigin=null,https://realpropertyprofile.gov/,1,1,0.51,Mozilla/5.0 (Linux; Android 7.0; Moto G (4)) AppleWebKit/537.36 (KHTML, like Gecko) Chrome/98.0.4695.0 Mobile Safari/537.36 Chrome-Lighthouse
https://www.usa.gov/,https://usa.gov/,1,1,1,Mozilla/5.0 (Linux; Android 7.0; Moto G (4)) AppleWebKit/537.36 (KHTML, like Gecko) Chrome/98.0.4695.0 Mobile Safari/537.36 Chrome-Lighthouse
https://www.fedramp.gov/,https://fedramp.gov/,0.83,1,0.71,Mozilla/5.0 (Linux; Android 7.0; Moto G (4)) AppleWebKit/537.36 (KHTML, like Gecko) Chrome/98.0.4695.0 Mobile Safari/537.36 Chrome-Lighthouse
https://usdaadvantage.gsa.gov/advantage/?store=USDA&theme=adv19,https://usdaadvantage.gsa.gov/,0.94,1,1,Mozilla/5.0 (Linux; Android 7.0; Moto G (4)) AppleWebKit/537.36 (KHTML, like Gecko) Chrome/98.0.4695.0 Mobile Safari/537.36 Chrome-Lighthouse
https://oes.gsa.gov/,https://oes.gsa.gov/,0.98,1,1,Mozilla/5.0 (Linux; Android 7.0; Moto G (4)) AppleWebKit/537.36 (KHTML, like Gecko) Chrome/98.0.4695.0 Mobile Safari/537.36 Chrome-Lighthouse
https://www.fsd.gov/gsafsd_sp,https://fsd.gov/,0.91,1,1,Mozilla/5.0 (Linux; Android 7.0; Moto G (4)) AppleWebKit/537.36 (KHTML, like Gecko) Chrome/98.0.4695.0 Mobile Safari/537.36 Chrome-Lighthouse
https://cloud.gov/,https://cloud.gov/,0.92,1,0.74,Mozilla/5.0 (Linux; Android 7.0; Moto G (4)) AppleWebKit/537.36 (KHTML, like Gecko) Chrome/98.0.4695.0 Mobile Safari/537.36 Chrome-Lighthouse
https://fmvrs.fas.gsa.gov/fmvrs/fmvrs/,https://fmvrs.fas.gsa.gov/,0.86,0,0,Mozilla/5.0 (Linux; Android 7.0; Moto G (4)) AppleWebKit/537.36 (KHTML, like Gecko) Chrome/98.0.4695.0 Mobile Safari/537.36 Chrome-Lighthouse
https://opd.gsa.gov/,https://opd.gsa.gov/,,,,Mozilla/5.0 (Linux; Android 7.0; Moto G (4)) AppleWebKit/537.36 (KHTML, like Gecko) Chrome/98.0.4695.0 Mobile Safari/537.36 Chrome-Lighthouse
https://inventory.data.gov/,https://inventory.data.gov/,,,,Mozilla/5.0 (Linux; Android 7.0; Moto G (4)) AppleWebKit/537.36 (KHTML, like Gecko) Chrome/98.0.4695.0 Mobile Safari/537.36 Chrome-Lighthouse
https://piv.golearnportal.org/,https://piv.golearnportal.org/,0.77,0,0,Mozilla/5.0 (Linux; Android 7.0; Moto G (4)) AppleWebKit/537.36 (KHTML, like Gecko) Chrome/98.0.4695.0 Mobile Safari/537.36 Chrome-Lighthouse
https://asis.search.usa.gov/,https://asis.search.usa.gov/,,,,Mozilla/5.0 (Linux; Android 7.0; Moto G (4)) AppleWebKit/537.36 (KHTML, like Gecko) Chrome/98.0.4695.0 Mobile Safari/537.36 Chrome-Lighthouse
https://www.plainlanguage.gov/,https://plainlanguage.gov/,0.99,1,0.7,Mozilla/5.0 (Linux; Android 7.0; Moto G (4)) AppleWebKit/537.36 (KHTML, like Gecko) Chrome/98.0.4695.0 Mobile Safari/537.36 Chrome-Lighthouse
https://public-sans.digital.gov/,https://public-sans.digital.gov/,1,1,0.64,Mozilla/5.0 (Linux; Android 7.0; Moto G (4)) AppleWebKit/537.36 (KHTML, like Gecko) Chrome/98.0.4695.0 Mobile Safari/537.36 Chrome-Lighthouse
https://smartpay.gsa.gov/,https://smartpay.gsa.gov/,1,1,1,Mozilla/5.0 (Linux; Android 7.0; Moto G (4)) AppleWebKit/537.36 (KHTML, like Gecko) Chrome/98.0.4695.0 Mobile Safari/537.36 Chrome-Lighthouse
https://domains.dotgov.gov/dotgov-web/,https://domains.dotgov.gov/,0.9,0,0,Mozilla/5.0 (Linux; Android 7.0; Moto G (4)) AppleWebKit/537.36 (KHTML, like Gecko) Chrome/98.0.4695.0 Mobile Safari/537.36 Chrome-Lighthouse
https://api.usa.gov/,https://api.usa.gov/,,,,Mozilla/5.0 (Linux; Android 7.0; Moto G (4)) AppleWebKit/537.36 (KHTML, like Gecko) Chrome/98.0.4695.0 Mobile Safari/537.36 Chrome-Lighthouse
https://vote.gov/,https://vote.gov/,1,1,0.7,Mozilla/5.0 (Linux; Android 7.0; Moto G (4)) AppleWebKit/537.36 (KHTML, like Gecko) Chrome/98.0.4695.0 Mobile Safari/537.36 Chrome-Lighthouse
https://developers.login.gov/,https://developers.login.gov/,0.98,1,1,Mozilla/5.0 (Linux; Android 7.0; Moto G (4)) AppleWebKit/537.36 (KHTML, like Gecko) Chrome/98.0.4695.0 Mobile Safari/537.36 Chrome-Lighthouse
https://connect.digitalgov.gov/,https://connect.digitalgov.gov/,,,,Mozilla/5.0 (Linux; Android 7.0; Moto G (4)) AppleWebKit/537.36 (KHTML, like Gecko) Chrome/98.0.4695.0 Mobile Safari/537.36 Chrome-Lighthouse
https://cars.fas.gsa.gov/,https://cars.fas.gsa.gov/,0.59,0,0,Mozilla/5.0 (Linux; Android 7.0; Moto G (4)) AppleWebKit/537.36 (KHTML, like Gecko) Chrome/98.0.4695.0 Mobile Safari/537.36 Chrome-Lighthouse
https://p3.cap.gsa.gov/gui/,https://p3.cap.gsa.gov/,0.79,1,1,Mozilla/5.0 (Linux; Android 7.0; Moto G (4)) AppleWebKit/537.36 (KHTML, like Gecko) Chrome/98.0.4695.0 Mobile Safari/537.36 Chrome-Lighthouse
https://login.fr.cloud.gov/login,https://login.fr.cloud.gov/,0.93,1,1,Mozilla/5.0 (Linux; Android 7.0; Moto G (4)) AppleWebKit/537.36 (KHTML, like Gecko) Chrome/98.0.4695.0 Mobile Safari/537.36 Chrome-Lighthouse
https://www.reporting.gov/,https://reporting.gov/,1,1,1,Mozilla/5.0 (Linux; Android 7.0; Moto G (4)) AppleWebKit/537.36 (KHTML, like Gecko) Chrome/98.0.4695.0 Mobile Safari/537.36 Chrome-Lighthouse
https://identity-dev-docs.18f.gov/,https://identity-dev-docs.18f.gov/,,,,Mozilla/5.0 (Linux; Android 7.0; Moto G (4)) AppleWebKit/537.36 (KHTML, like Gecko) Chrome/98.0.4695.0 Mobile Safari/537.36 Chrome-Lighthouse
https://fleet.gsa.gov/fleetportal/,https://fleet.gsa.gov/,1,0,1,Mozilla/5.0 (Linux; Android 7.0; Moto G (4)) AppleWebKit/537.36 (KHTML, like Gecko) Chrome/98.0.4695.0 Mobile Safari/537.36 Chrome-Lighthouse
https://corporateapps.gsa.gov/,https://corporateapps.gsa.gov/,0.87,0,1,Mozilla/5.0 (Linux; Android 7.0; Moto G (4)) AppleWebKit/537.36 (KHTML, like Gecko) Chrome/98.0.4695.0 Mobile Safari/537.36 Chrome-Lighthouse
https://arm.fas.gsa.gov/WebARM/,https://arm.fas.gsa.gov/,0.97,0,0,Mozilla/5.0 (Linux; Android 7.0; Moto G (4)) AppleWebKit/537.36 (KHTML, like Gecko) Chrome/98.0.4695.0 Mobile Safari/537.36 Chrome-Lighthouse
https://realestatesales.gov/gsaauctions/gsaauctions/,https://realestatesales.gov/,0.94,1,0.32,Mozilla/5.0 (Linux; Android 7.0; Moto G (4)) AppleWebKit/537.36 (KHTML, like Gecko) Chrome/98.0.4695.0 Mobile Safari/537.36 Chrome-Lighthouse
https://www.evaluation.gov/,https://evaluation.gov/,1,1,1,Mozilla/5.0 (Linux; Android 7.0; Moto G (4)) AppleWebKit/537.36 (KHTML, like Gecko) Chrome/98.0.4695.0 Mobile Safari/537.36 Chrome-Lighthouse
https://ux-guide.18f.gov/,https://ux-guide.18f.gov/,1,1,1,Mozilla/5.0 (Linux; Android 7.0; Moto G (4)) AppleWebKit/537.36 (KHTML, like Gecko) Chrome/98.0.4695.0 Mobile Safari/537.36 Chrome-Lighthouse
https://www.usability.gov/,https://usability.gov/,0.93,1,0.5,Mozilla/5.0 (Linux; Android 7.0; Moto G (4)) AppleWebKit/537.36 (KHTML, like Gecko) Chrome/98.0.4695.0 Mobile Safari/537.36 Chrome-Lighthouse
https://designsystem.digital.gov/,https://designsystem.digital.gov/,1,1,1,Mozilla/5.0 (Linux; Android 7.0; Moto G (4)) AppleWebKit/537.36 (KHTML, like Gecko) Chrome/98.0.4695.0 Mobile Safari/537.36 Chrome-Lighthouse
https://cao.gov/cao-home,https://cao.gov/,0.73,1,0.7,Mozilla/5.0 (Linux; Android 7.0; Moto G (4)) AppleWebKit/537.36 (KHTML, like Gecko) Chrome/98.0.4695.0 Mobile Safari/537.36 Chrome-Lighthouse
https://conectate.gobiernousa.gov/,https://conectate.gobiernousa.gov/,1,1,1,Mozilla/5.0 (Linux; Android 7.0; Moto G (4)) AppleWebKit/537.36 (KHTML, like Gecko) Chrome/98.0.4695.0 Mobile Safari/537.36 Chrome-Lighthouse
https://digitaldashboard.gov/,https://digitaldashboard.gov/,0.92,1,1,Mozilla/5.0 (Linux; Android 7.0; Moto G (4)) AppleWebKit/537.36 (KHTML, like Gecko) Chrome/98.0.4695.0 Mobile Safari/537.36 Chrome-Lighthouse
https://strategy.data.gov/,https://strategy.data.gov/,0.98,1,0.81,Mozilla/5.0 (Linux; Android 7.0; Moto G (4)) AppleWebKit/537.36 (KHTML, like Gecko) Chrome/98.0.4695.0 Mobile Safari/537.36 Chrome-Lighthouse
https://resources.data.gov/,https://resources.data.gov/,0.98,1,1,Mozilla/5.0 (Linux; Android 7.0; Moto G (4)) AppleWebKit/537.36 (KHTML, like Gecko) Chrome/98.0.4695.0 Mobile Safari/537.36 Chrome-Lighthouse
https://gsaxcess.gov/,https://gsaxcess.gov/,0.77,0,0,Mozilla/5.0 (Linux; Android 7.0; Moto G (4)) AppleWebKit/537.36 (KHTML, like Gecko) Chrome/98.0.4695.0 Mobile Safari/537.36 Chrome-Lighthouse
https://cpsearch.fas.gsa.gov/cpsearch/search.do,https://cpsearch.fas.gsa.gov/,1,0,0,Mozilla/5.0 (Linux; Android 7.0; Moto G (4)) AppleWebKit/537.36 (KHTML, like Gecko) Chrome/98.0.4695.0 Mobile Safari/537.36 Chrome-Lighthouse
https://www.regulations.gov/,https://regulations.gov/,0.92,1,0.79,Mozilla/5.0 (Linux; Android 7.0; Moto G (4)) AppleWebKit/537.36 (KHTML, like Gecko) Chrome/98.0.4695.0 Mobile Safari/537.36 Chrome-Lighthouse
https://content.fai.gov/,https://content.fai.gov/,,,,Mozilla/5.0 (Linux; Android 7.0; Moto G (4)) AppleWebKit/537.36 (KHTML, like Gecko) Chrome/98.0.4695.0 Mobile Safari/537.36 Chrome-Lighthouse
https://app.cloud.gov/,https://app.cloud.gov/,,,,Mozilla/5.0 (Linux; Android 7.0; Moto G (4)) AppleWebKit/537.36 (KHTML, like Gecko) Chrome/98.0.4695.0 Mobile Safari/537.36 Chrome-Lighthouse
https://catalog-next.data.gov/,https://catalog-next.data.gov/,,,,Mozilla/5.0 (Linux; Android 7.0; Moto G (4)) AppleWebKit/537.36 (KHTML, like Gecko) Chrome/98.0.4695.0 Mobile Safari/537.36 Chrome-Lighthouse
https://fairs.reporting.gov/,https://fairs.reporting.gov/,,,,Mozilla/5.0 (Linux; Android 7.0; Moto G (4)) AppleWebKit/537.36 (KHTML, like Gecko) Chrome/98.0.4695.0 Mobile Safari/537.36 Chrome-Lighthouse
https://eoffer.gsa.gov/,https://eoffer.gsa.gov/,0.98,1,1,Mozilla/5.0 (Linux; Android 7.0; Moto G (4)) AppleWebKit/537.36 (KHTML, like Gecko) Chrome/98.0.4695.0 Mobile Safari/537.36 Chrome-Lighthouse
https://www.thenamingcommission.gov/,https://thenamingcommission.gov/,0.92,1,1,Mozilla/5.0 (Linux; Android 7.0; Moto G (4)) AppleWebKit/537.36 (KHTML, like Gecko) Chrome/98.0.4695.0 Mobile Safari/537.36 Chrome-Lighthouse
https://wdolhome.sam.gov/,https://wdolhome.sam.gov/,1,1,1,Mozilla/5.0 (Linux; Android 7.0; Moto G (4)) AppleWebKit/537.36 (KHTML, like Gecko) Chrome/98.0.4695.0 Mobile Safari/537.36 Chrome-Lighthouse
https://mcm.fas.gsa.gov/cmservlet/massMods/initialView.htm;jsessionid=zhnFZI0m1XaivJIMsjH4UEZAfMMrFg93oDCidV00.mp1,https://mcm.fas.gsa.gov/,0.85,0,0,Mozilla/5.0 (Linux; Android 7.0; Moto G (4)) AppleWebKit/537.36 (KHTML, like Gecko) Chrome/98.0.4695.0 Mobile Safari/537.36 Chrome-Lighthouse
https://tmss.gsa.gov/tmss/signon,https://tmss.gsa.gov/,0.96,0,0.5,Mozilla/5.0 (Linux; Android 7.0; Moto G (4)) AppleWebKit/537.36 (KHTML, like Gecko) Chrome/98.0.4695.0 Mobile Safari/537.36 Chrome-Lighthouse
https://management.cio.gov/,https://management.cio.gov/,0.87,0,1,Mozilla/5.0 (Linux; Android 7.0; Moto G (4)) AppleWebKit/537.36 (KHTML, like Gecko) Chrome/98.0.4695.0 Mobile Safari/537.36 Chrome-Lighthouse
https://interact.gsa.gov/,https://interact.gsa.gov/,0.64,0,0,Mozilla/5.0 (Linux; Android 7.0; Moto G (4)) AppleWebKit/537.36 (KHTML, like Gecko) Chrome/98.0.4695.0 Mobile Safari/537.36 Chrome-Lighthouse
https://fedspecs.gsa.gov/,https://fedspecs.gsa.gov/,0.72,0,0,Mozilla/5.0 (Linux; Android 7.0; Moto G (4)) AppleWebKit/537.36 (KHTML, like Gecko) Chrome/98.0.4695.0 Mobile Safari/537.36 Chrome-Lighthouse
https://lop.gsa.gov/,https://lop.gsa.gov/,0.61,0,0,Mozilla/5.0 (Linux; Android 7.0; Moto G (4)) AppleWebKit/537.36 (KHTML, like Gecko) Chrome/98.0.4695.0 Mobile Safari/537.36 Chrome-Lighthouse
https://phdc-pub.gsa.gov/vcssregistration/,https://vcss.ocfo.gsa.gov/,0.75,0,0,Mozilla/5.0 (Linux; Android 7.0; Moto G (4)) AppleWebKit/537.36 (KHTML, like Gecko) Chrome/98.0.4695.0 Mobile Safari/537.36 Chrome-Lighthouse
https://d2d.gsa.gov/,https://d2d.gsa.gov/,0.93,0,0,Mozilla/5.0 (Linux; Android 7.0; Moto G (4)) AppleWebKit/537.36 (KHTML, like Gecko) Chrome/98.0.4695.0 Mobile Safari/537.36 Chrome-Lighthouse
https://www.saferfederalworkforce.gov/,https://saferfederalworkforce.gov/,1,1,1,Mozilla/5.0 (Linux; Android 7.0; Moto G (4)) AppleWebKit/537.36 (KHTML, like Gecko) Chrome/98.0.4695.0 Mobile Safari/537.36 Chrome-Lighthouse
https://www.cio.gov/,https://cio.gov/,1,0,0.54,Mozilla/5.0 (Linux; Android 7.0; Moto G (4)) AppleWebKit/537.36 (KHTML, like Gecko) Chrome/98.0.4695.0 Mobile Safari/537.36 Chrome-Lighthouse
https://join.tts.gsa.gov/,https://join.tts.gsa.gov/,1,1,0.65,Mozilla/5.0 (Linux; Android 7.0; Moto G (4)) AppleWebKit/537.36 (KHTML, like Gecko) Chrome/98.0.4695.0 Mobile Safari/537.36 Chrome-Lighthouse
https://https.cio.gov/,https://https.cio.gov/,1,1,1,Mozilla/5.0 (Linux; Android 7.0; Moto G (4)) AppleWebKit/537.36 (KHTML, like Gecko) Chrome/98.0.4695.0 Mobile Safari/537.36 Chrome-Lighthouse
https://www.pic.gov/,https://pic.gov/,0.89,1,0.69,Mozilla/5.0 (Linux; Android 7.0; Moto G (4)) AppleWebKit/537.36 (KHTML, like Gecko) Chrome/98.0.4695.0 Mobile Safari/537.36 Chrome-Lighthouse
https://www.fsrs.gov/,https://fsrs.gov/,0.95,0,0,Mozilla/5.0 (Linux; Android 7.0; Moto G (4)) AppleWebKit/537.36 (KHTML, like Gecko) Chrome/98.0.4695.0 Mobile Safari/537.36 Chrome-Lighthouse
https://touchpoints.digital.gov/,https://touchpoints.digital.gov/,0.95,1,1,Mozilla/5.0 (Linux; Android 7.0; Moto G (4)) AppleWebKit/537.36 (KHTML, like Gecko) Chrome/98.0.4695.0 Mobile Safari/537.36 Chrome-Lighthouse
https://tophealth.pif.gov/,https://tophealth.pif.gov/,0.79,1,1,Mozilla/5.0 (Linux; Android 7.0; Moto G (4)) AppleWebKit/537.36 (KHTML, like Gecko) Chrome/98.0.4695.0 Mobile Safari/537.36 Chrome-Lighthouse
https://ask.gsa.gov/eresolveLogin?sfdcIFrameOrigin=null,https://ask.gsa.gov/,0.81,1,0,Mozilla/5.0 (Linux; Android 7.0; Moto G (4)) AppleWebKit/537.36 (KHTML, like Gecko) Chrome/98.0.4695.0 Mobile Safari/537.36 Chrome-Lighthouse
https://navigator.gsa.gov/app/,https://navigator.gsa.gov/,0.83,1,0.3,Mozilla/5.0 (Linux; Android 7.0; Moto G (4)) AppleWebKit/537.36 (KHTML, like Gecko) Chrome/98.0.4695.0 Mobile Safari/537.36 Chrome-Lighthouse
https://sftool.gov/,https://sftool.gov/,0.8,1,0.3,Mozilla/5.0 (Linux; Android 7.0; Moto G (4)) AppleWebKit/537.36 (KHTML, like Gecko) Chrome/98.0.4695.0 Mobile Safari/537.36 Chrome-Lighthouse
https://www.acquisition.gov/,https://acquisition.gov/,0.82,1,1,Mozilla/5.0 (Linux; Android 7.0; Moto G (4)) AppleWebKit/537.36 (KHTML, like Gecko) Chrome/98.0.4695.0 Mobile Safari/537.36 Chrome-Lighthouse
https://tmf.cio.gov/,https://tmf.cio.gov/,1,1,1,Mozilla/5.0 (Linux; Android 7.0; Moto G (4)) AppleWebKit/537.36 (KHTML, like Gecko) Chrome/98.0.4695.0 Mobile Safari/537.36 Chrome-Lighthouse
